_ID_;_CATEGORY_;_NAME_;_MANUFACTURER_;_PRICE_;_META_TITLE_;_META_H1_;_DESCRIPTION_;_SEO_KEYWORD_;_DISCOUNT_;_SPECIAL_;_ATTRIBUTES_
1126716;"Furniture
Furniture|Bedroom Furniture
Furniture|Bedroom Furniture|Beds";Queen Low Profile Platform Bed Upholstered Wingback Bed in Purple;Axonzo;4239.9900;;;;;;0,0,2089.99,0000-00-00,0000-00-00;"Specifications|Warranty|1 Year Limited
Specifications|Sku|27008859768
Dimensions|Overall Height|51.2""
Dimensions|Overall Width|74.8""
Specifications|Color|Purple
Specifications|Style|Modern
Specifications|Assembly Required|Partially
Specifications|Frame Material|Solid Wood;Plywood;Pine Wood
Dimensions|Overall Length|90.6""
Specifications|Upholstery Material|Faux Leather
Specifications|Box Spring Required|No
Specifications|Mattress Included|No
Specifications|Mount Type|Freestanding
Specifications|Slat Material|Solid Wood
Specifications|Bed Type|Platform Bed
Specifications|Bed Size|Queen
Specifications|Mattress Size Type|60""W x 80""L"
1126717;"Furniture
Furniture|Bedroom Furniture
Furniture|Bedroom Furniture|Beds";Beige Microfiber Leather Upholstered Bed with Wingback Headboard, California King;Axonzo;2569.9900;;;;;;0,0,1779.99,0000-00-00,0000-00-00;"Specifications|Warranty|1 Year Limited
Specifications|Sku|13021078493
Dimensions|Overall Height|53.5""
Dimensions|Overall Width|90.6""
Specifications|Color|Beige
Specifications|Style|Modern
Specifications|Assembly Required|Partially
Specifications|Size|2080mmL x 2300mmW x 1358mmH
Specifications|Frame Material|Wood;MDF;Metal;Stainless Steel
Dimensions|Overall Length|81.9""
Specifications|Upholstery Material|Microfiber Leather
Specifications|Box Spring Required|No
Specifications|Mattress Included|No
Specifications|Mount Type|Freestanding
Specifications|Slat Material|Solid Wood
Specifications|Bed Type|Platform Bed
Specifications|Bed Size|California King
Specifications|Mattress Size Type|72""Wx 84""L"